{
  "project_info": {
    "project_number": "487919036360",
    "firebase_url": "https://fipbip-200fc.firebaseio.com",
    "project_id": "fipbip-200fc",
    "storage_bucket": "fipbip-200fc.appspot.com"
  },
  "client": [
    {
      "client_info": {
        "mobilesdk_app_id": "1:487919036360:android:ecaa26f20f34b5cb",
        "android_client_info": {
          "package_name": "com.healthcare.se_fipbipgames"
        }
      },
      "oauth_client": [
        {
          "client_id": "487919036360-snuoku6rojqfmhr5c14eo4pf3iip53pt.apps.googleusercontent.com",
          "client_type": 1,
          "android_info": {
            "package_name": "com.healthcare.se_fipbipgames",
            "certificate_hash": "ce21aafb64aa3b851e6977d5fdd605bd1ae19e59"
          }
        },
        {
          "client_id": "487919036360-3bt0d4t2ranqirov6b2ggupb4sgkt4ou.apps.googleusercontent.com",
          "client_type": 3
        }
      ],
      "api_key": [
        {
          "current_key": "AIzaSyBNlYdLinmEfM7epgCxSDHo_TPerCTVtSQ"
        }
      ],
      "services": {
        "analytics_service": {
          "status": 1
        },
        "appinvite_service": {
          "status": 2,
          "other_platform_oauth_client": [
            {
              "client_id": "487919036360-3bt0d4t2ranqirov6b2ggupb4sgkt4ou.apps.googleusercontent.com",
              "client_type": 3
            }
          ]
        },
        "ads_service": {
          "status": 2
        }
      }
    }
  ],
  "configuration_version": "1"
}